{
    "X0_mu_log__": -1.2803147833125788,
    "F_offset_log__": [
        -0.06371512435035225,
        0.20641147749846997,
        0.07134280189013034,
        -0.04103351367440135,
        -0.10791372606650594,
        -0.09646117662215561,
        -0.1423695430555738,
        0.00527305331732318,
        0.23011012286833668,
        0.05012561043116021,
        -0.08396795904545906,
        -0.09832237025106935,
        -0.08272943818324137,
        -0.14768848186190592,
        0.21124629103005635,
        0.14479977628184026,
        -0.01761951298197587,
        -0.10302525648505917,
        -0.0767471575301204,
        -0.1466752806886643,
        -0.14338228536327977,
        0.21858908923473838,
        0.13116834848270245,
        -0.010794602770924375,
        -0.08096105457357645,
        -0.11234068431887177,
        -0.13986828326990908,
        -0.10778877049655973
    ],
    "S0_log__": 2.82826909352591,
    "Y_XS_logodds__": 0.7199817794155773,
    "mu_max_logodds__": -0.3019183011920878,
    "X0_mu": 0.277949792724446,
    "F_offset": [
        0.9382722523794507,
        1.2292589123265933,
        1.0739493146289503,
        0.9597969630858748,
        0.8977050416346949,
        0.9080451502954008,
        0.867300692310492,
        1.0052869803315025,
        1.2587386182044902,
        1.0514031552855208,
        0.9194607160221643,
        0.9063566742247702,
        0.9206001927881639,
        0.862699819728241,
        1.2352165403548687,
        1.1558081268979221,
        0.9825348029836484,
        0.9021041892128158,
        0.9261239874821641,
        0.8635743511610674,
        0.8664227848279467,
        1.244319867194035,
        1.1401597093132445,
        0.9892634498806947,
        0.9222296073705425,
        0.8937397225195413,
        0.8694727519645584,
        0.8978172218884438
    ],
    "X0": [
        0.26079257806796735,
        0.34167225988585453,
        0.2985039893976775,
        0.2667753669472716,
        0.2495169302500536,
        0.25239096130904504,
        0.24106604765746975,
        0.2794193078117253,
        0.3498661380241936,
        0.292237289081439,
        0.25556391543663126,
        0.2519216497351931,
        0.2558806327675551,
        0.2397872360768815,
        0.343328181361443,
        0.3212566293005076,
        0.27309534483385944,
        0.2507396724075565,
        0.2574159703578049,
        0.2400303119073666,
        0.24082203345466502,
        0.34585844916949215,
        0.3169071548763809,
        0.2749655708442094,
        0.2563335282129895,
        0.24841477062391035,
        0.24166977118810265,
        0.24954811072833089
    ],
    "S0": 16.91615518666927,
    "Y_XS": 0.6726030047582303,
    "mu_max": 0.425088605618596
}