{
    "S0": 16.921204160580245,
    "X0_A02": 0.23079702377860556,
    "X0_A03": 0.3353940899191831,
    "X0_A04": 0.30114059900996454,
    "X0_A05": 0.2668014878312081,
    "X0_A06": 0.2495689835785395,
    "X0_A07": 0.2524224867487302,
    "X0_A08": 0.2411009888858393,
    "X0_B02": 0.29698851023110645,
    "X0_B03": 0.3564511698569336,
    "X0_B04": 0.2909474895883859,
    "X0_B05": 0.2552676170330398,
    "X0_B06": 0.2519720618709851,
    "X0_B07": 0.25585045777498977,
    "X0_B08": 0.23977281681218005,
    "X0_C02": 0.41572153692890357,
    "X0_C03": 0.3139246074529877,
    "X0_C04": 0.2731419939437678,
    "X0_C05": 0.25074836501513886,
    "X0_C06": 0.25742175415242263,
    "X0_C07": 0.2399981576217466,
    "X0_C08": 0.2408441588235058,
    "X0_D02": 0.3799867117987901,
    "X0_D03": 0.3154276996302884,
    "X0_D04": 0.2748823514833885,
    "X0_D05": 0.25636096435353384,
    "X0_D06": 0.24840630295299032,
    "X0_D07": 0.24171965187897596,
    "X0_D08": 0.2495080594773272,
    "Y_XS": 0.6725556283205485,
    "mu_max": 0.4250821973525337
}